Class of Orbit,Date of Launch,Country of Operator/Owner,Purpose,Age_years
LEO,2023-08-06,ESA,Earth Observation,2.1409993155373033
GEO,2016-03-22,USA,Navigation,9.514031485284052
LEO,2014-10-28,ESA,Communications,10.913073237508556
LEO,1998-04-04,Luxembourg,Communications,27.479808350444902
GEO,2018-03-03,China,Communications,7.567419575633128
LEO,1991-12-27,Luxembourg,Science,33.74948665297741
LEO,1990-02-26,ESA,Earth Observation,35.58110882956879
Elliptical,2019-04-04,USA,Science,6.480492813141684
MEO,2008-08-01,Luxembourg,Science,17.152635181382614
Elliptical,2009-05-24,USA,Science,16.34223134839151
GEO,2013-02-20,ESA,Earth Observation,12.596851471594798
MEO,2022-05-14,USA,Earth Observation,3.370294318959617
GEO,1994-11-12,China,Science,30.872005475701574
Elliptical,2008-04-13,China,Earth Observation,17.453798767967147
GEO,2012-01-11,Russia,Science,13.708418891170432
LEO,2022-07-26,Russia,Science,3.1704312114989732
MEO,2017-12-05,China,Communications,7.808350444900753
MEO,2010-04-07,ESA,Navigation,15.471594798083505
GEO,2022-04-19,ESA,Earth Observation,3.4387405886379194
MEO,2021-06-18,China,Science,4.27378507871321
Elliptical,2012-12-07,Luxembourg,Earth Observation,12.802190280629706
GEO,1993-09-06,USA,Science,32.054757015742645
GEO,2022-08-10,Luxembourg,Earth Observation,3.1293634496919918
MEO,2005-12-19,China,Earth Observation,19.770020533880903
GEO,2012-03-09,Russia,Science,13.54962354551677
MEO,2014-08-28,Luxembourg,Earth Observation,11.080082135523615
LEO,2017-01-06,Luxembourg,Communications,8.720054757015742
MEO,1993-03-28,Russia,Communications,32.498288843258045
MEO,2010-05-26,Russia,Navigation,15.33744010951403
MEO,2020-06-10,Luxembourg,Earth Observation,5.295003422313484
LEO,1992-02-11,China,Earth Observation,33.62354551676933
GEO,2012-09-16,China,Communications,13.026694045174539
GEO,2009-12-20,China,Communications,15.767282683093772
MEO,2017-01-27,ESA,Science,8.66255989048597
LEO,1994-06-21,USA,Navigation,31.266255989048595
MEO,2013-07-02,ESA,Science,12.235455167693361
MEO,1998-05-20,ESA,Communications,27.353867214236825
GEO,1998-10-20,ESA,Navigation,26.934976043805612
MEO,2014-10-14,China,Communications,10.951403148528405
GEO,2022-01-07,ESA,Earth Observation,3.7180013689253935
LEO,2001-03-28,USA,Science,24.49828884325804
Elliptical,2013-05-28,ESA,Navigation,12.331279945242985
MEO,2014-03-15,ESA,Earth Observation,11.534565366187543
LEO,2012-10-06,Luxembourg,Science,12.971937029431896
Elliptical,1999-08-17,USA,Navigation,26.11088295687885
GEO,1996-08-22,Russia,Science,29.09514031485284
Elliptical,2022-11-05,USA,Earth Observation,2.891170431211499
MEO,2020-07-01,ESA,Navigation,5.23750855578371
Elliptical,1998-06-18,USA,Earth Observation,27.274469541409992
LEO,1999-10-28,Russia,Communications,25.913757700205338
MEO,2020-09-19,Luxembourg,Navigation,5.018480492813142
GEO,2012-01-04,ESA,Navigation,13.727583846680355
GEO,2022-04-06,Luxembourg,Navigation,3.4743326488706368
LEO,1996-10-11,USA,Navigation,28.958247775496236
LEO,2014-08-22,Luxembourg,Science,11.096509240246407
MEO,1996-10-18,USA,Communications,28.93908281998631
Elliptical,2015-12-10,USA,Communications,9.796030116358658
Elliptical,2014-10-16,USA,Earth Observation,10.94592744695414
GEO,2019-11-15,ESA,Communications,5.864476386036961
GEO,2018-08-27,China,Earth Observation,7.082819986310746
LEO,2021-10-21,Russia,Earth Observation,3.9315537303216974
MEO,2021-06-05,Russia,Navigation,4.309377138945927
Elliptical,2022-12-18,Russia,Earth Observation,2.7734428473648185
MEO,2004-12-22,Russia,Navigation,20.761122518822724
MEO,2010-11-28,China,Science,14.82819986310746
Elliptical,1993-01-24,China,Communications,32.67077344284736
MEO,1994-06-05,Luxembourg,Communications,31.310061601642712
LEO,2013-01-08,Russia,Earth Observation,12.714579055441478
MEO,2002-10-19,Russia,Earth Observation,22.937713894592743
LEO,2017-04-15,ESA,Navigation,8.449007529089664
GEO,2021-01-23,China,Navigation,4.673511293634497
GEO,2024-01-11,Luxembourg,Communications,1.7084188911704312
MEO,1999-08-24,Luxembourg,Earth Observation,26.091718001368925
Elliptical,1990-01-25,Russia,Communications,35.66872005475702
GEO,2004-12-19,ESA,Communications,20.76933607118412
GEO,1998-02-22,USA,Science,27.592060232717316
LEO,2022-01-18,Luxembourg,Earth Observation,3.6878850102669403
MEO,2014-05-09,Luxembourg,Communications,11.383983572895277
GEO,1995-02-08,Luxembourg,Navigation,30.63107460643395
GEO,2018-10-26,ESA,Communications,6.91854893908282
GEO,2009-11-18,USA,Navigation,15.854893908282
GEO,1993-05-14,ESA,Earth Observation,32.369609856262834
Elliptical,2023-07-20,ESA,Science,2.187542778918549
LEO,1993-06-02,Luxembourg,Navigation,32.31759069130732
MEO,2003-02-13,ESA,Science,22.61738535249829
MEO,1991-11-02,China,Science,33.90006844626968
GEO,2013-01-06,China,Earth Observation,12.720054757015742
MEO,1994-10-09,Russia,Earth Observation,30.965092402464066
LEO,2022-07-16,USA,Communications,3.1978097193702943
LEO,1993-11-01,ESA,Science,31.901437371663246
LEO,2023-12-20,Russia,Navigation,1.7686516084873374
Elliptical,1996-05-09,ESA,Navigation,29.38261464750171
MEO,2001-03-23,Russia,Earth Observation,24.511978097193705
MEO,1998-04-01,ESA,Navigation,27.488021902806295
LEO,2022-04-07,Luxembourg,Earth Observation,3.4715947980835042
GEO,2002-10-09,ESA,Science,22.965092402464066
LEO,2024-04-25,ESA,Earth Observation,1.4209445585215605
LEO,1990-05-15,China,Communications,35.36755646817249
MEO,2003-11-15,Russia,Communications,21.864476386036962
LEO,2022-08-22,USA,Science,3.0965092402464065
GEO,2022-08-21,USA,Earth Observation,3.0992470910335386
LEO,2010-09-19,USA,Communications,15.019849418206707
LEO,2006-01-17,ESA,Science,19.690622861054074
GEO,2014-03-03,Luxembourg,Communications,11.567419575633128
LEO,2009-12-15,China,Earth Observation,15.780971937029431
GEO,2018-11-24,Luxembourg,Communications,6.839151266255989
GEO,2022-04-12,USA,Earth Observation,3.457905544147844
Elliptical,2003-01-20,Luxembourg,Earth Observation,22.68309377138946
Elliptical,1995-04-28,China,Communications,30.414784394250514
GEO,2013-02-21,ESA,Science,12.594113620807667
Elliptical,1999-01-24,ESA,Science,26.67214236824093
MEO,2009-02-11,Russia,Science,16.621492128678987
GEO,2015-04-12,ESA,Navigation,10.458590006844627
Elliptical,2018-03-06,ESA,Navigation,7.559206023271732
Elliptical,1990-12-16,ESA,Science,34.77891854893908
LEO,1997-04-10,Russia,Science,28.462696783025326
LEO,1995-06-03,Luxembourg,Navigation,30.316221765913756
GEO,1999-05-04,Russia,Science,26.39835728952772
GEO,2012-10-19,China,Science,12.936344969199178
Elliptical,1990-06-26,USA,Communications,35.252566735112936
MEO,1993-11-07,USA,Navigation,31.88501026694045
MEO,2020-02-28,China,Earth Observation,5.577002053388091
Elliptical,2013-12-03,Luxembourg,Communications,11.813826146475018
Elliptical,2023-03-04,ESA,Science,2.565366187542779
GEO,2018-04-04,Luxembourg,Communications,7.479808350444901
LEO,2009-10-02,USA,Earth Observation,15.983572895277208
LEO,2008-04-12,USA,Communications,17.456536618754278
GEO,2002-03-10,Russia,Science,23.548254620123203
MEO,2014-07-04,USA,Science,11.23066392881588
GEO,1995-09-06,ESA,Navigation,30.05612594113621
LEO,2014-04-05,Russia,Communications,11.477070499657769
GEO,1993-04-07,Luxembourg,Earth Observation,32.47091033538672
LEO,2017-03-08,China,Communications,8.553045859000685
LEO,2020-11-01,China,Communications,4.900752908966461
GEO,1995-09-08,Russia,Earth Observation,30.050650239561943
MEO,1995-02-28,ESA,Navigation,30.576317590691307
Elliptical,2000-02-22,Luxembourg,Science,25.593429158110883
MEO,2007-10-12,Russia,Communications,17.95756331279945
MEO,2023-03-02,Luxembourg,Earth Observation,2.5708418891170433
GEO,2007-03-04,China,Navigation,18.56536618754278
Elliptical,2014-03-17,ESA,Earth Observation,11.529089664613279
GEO,2009-11-11,Russia,Science,15.874058863791923
MEO,1990-12-12,Luxembourg,Earth Observation,34.789869952087614
Elliptical,1996-01-15,China,Communications,29.697467488021903
GEO,1998-03-23,China,Earth Observation,27.512662559890487
MEO,2006-04-19,China,Science,19.43874058863792
GEO,2014-06-09,Luxembourg,Earth Observation,11.299110198494182
MEO,2002-04-08,ESA,Science,23.468856947296374
Elliptical,2018-06-15,ESA,Communications,7.282683093771389
LEO,2002-08-17,ESA,Science,23.110198494182068
GEO,1995-12-15,Luxembourg,Science,29.782340862423
LEO,1996-05-12,Russia,Communications,29.374401095140314
Elliptical,2003-01-27,Russia,Earth Observation,22.663928815879533
LEO,2001-03-03,ESA,Navigation,24.566735112936346
MEO,2013-07-08,Russia,Science,12.219028062970569
Elliptical,1997-09-15,ESA,Navigation,28.030116358658454
MEO,2013-08-19,China,Navigation,12.10403832991102
LEO,2016-05-16,USA,Navigation,9.363449691991786
Elliptical,2008-07-10,Russia,Communications,17.21286789869952
MEO,1997-08-01,USA,Science,28.1533196440794
LEO,1999-12-14,Russia,Navigation,25.78507871321013
Elliptical,1998-10-04,Russia,Navigation,26.978781656399725
Elliptical,2000-12-09,USA,Communications,24.79671457905544
LEO,2023-03-15,ESA,Earth Observation,2.535249828884326
LEO,2014-09-12,China,Science,11.039014373716633
Elliptical,2007-08-12,Russia,Earth Observation,18.12457221081451
GEO,1998-04-15,USA,Earth Observation,27.449691991786448
GEO,2002-10-13,Luxembourg,Communications,22.954140999315538
GEO,2003-03-23,Luxembourg,Earth Observation,22.51334702258727
MEO,2013-10-09,ESA,Communications,11.964407939767282
GEO,2009-08-15,China,Communications,16.11498973305955
MEO,2022-06-04,China,Science,3.3127994524298425
GEO,2005-12-27,ESA,Communications,19.748117727583846
GEO,2011-02-20,USA,Earth Observation,14.598220396988363
LEO,2021-04-20,Russia,Science,4.435318275154004
Elliptical,1999-04-16,Russia,Science,26.4476386036961
MEO,1994-12-10,Luxembourg,Navigation,30.795345653661876
LEO,1996-11-10,China,Earth Observation,28.876112251882272
LEO,1997-07-04,USA,Navigation,28.229979466119097
MEO,2022-12-09,China,Earth Observation,2.7980835044490076
GEO,2013-03-02,USA,Communications,12.569472963723477
Elliptical,2024-07-09,Russia,Communications,1.215605749486653
Elliptical,1997-03-22,China,Navigation,28.514715947980836
MEO,2018-05-08,ESA,Communications,7.38672142368241
LEO,2021-05-16,Russia,Navigation,4.3641341546885695
LEO,2005-08-04,USA,Navigation,20.145106091718002
LEO,1992-05-17,USA,Science,33.360711841204655
Elliptical,2001-07-13,Luxembourg,Earth Observation,24.205338809034906
Elliptical,2019-02-27,Luxembourg,Earth Observation,6.579055441478439
GEO,2015-08-06,Russia,Earth Observation,10.140999315537304
GEO,1992-10-21,USA,Science,32.930869267624914
MEO,2023-04-13,ESA,Communications,2.455852156057495
Elliptical,2001-05-19,Russia,Science,24.355920602327174
GEO,1998-04-07,USA,Science,27.471594798083505
MEO,2013-02-12,Russia,Science,12.618754277891854
MEO,1996-06-26,China,Navigation,29.251197809719372
LEO,2014-09-14,USA,Navigation,11.033538672142368
MEO,2018-04-07,Luxembourg,Earth Observation,7.471594798083505
Elliptical,1997-06-25,USA,Navigation,28.254620123203285
LEO,1992-05-10,China,Earth Observation,33.379876796714576
GEO,1995-09-01,ESA,Science,30.069815195071868
MEO,2022-08-26,Russia,Science,3.0855578370978782
MEO,1994-04-01,Russia,Communications,31.488021902806295
MEO,2001-01-07,USA,Communications,24.71731690622861
MEO,2024-11-21,Russia,Communications,0.8459958932238193
GEO,2017-06-02,Russia,Navigation,8.317590691307323
MEO,2007-06-06,USA,Navigation,18.308008213552363
Elliptical,1994-03-10,China,Earth Observation,31.548254620123203
GEO,2013-01-21,ESA,Earth Observation,12.678986995208762
GEO,1996-08-03,ESA,Earth Observation,29.14715947980835
MEO,2000-09-23,ESA,Navigation,25.00752908966461
Elliptical,2016-04-01,USA,Science,9.486652977412732
Elliptical,1999-08-12,Russia,Navigation,26.12457221081451
MEO,2020-03-24,Luxembourg,Navigation,5.508555783709788
MEO,2021-08-07,ESA,Earth Observation,4.136892539356605
LEO,2006-11-02,China,Science,18.899383983572896
GEO,2012-10-17,China,Communications,12.941820670773442
GEO,1993-03-18,ESA,Science,32.525667351129364
Elliptical,2016-10-07,USA,Navigation,8.969199178644764
LEO,2012-01-17,Russia,Navigation,13.69199178644764
Elliptical,2000-11-25,Russia,Science,24.83504449007529
Elliptical,2020-11-03,China,Science,4.895277207392197
LEO,2010-02-27,Russia,Communications,15.578370978781656
MEO,1998-07-23,ESA,Earth Observation,27.17864476386037
LEO,1990-03-28,China,Science,35.49897330595483
MEO,2024-10-11,Luxembourg,Earth Observation,0.9582477754962354
LEO,2012-01-16,Luxembourg,Science,13.69472963723477
LEO,2011-03-05,Russia,Science,14.562628336755647
GEO,1992-01-26,USA,Navigation,33.667351129363446
MEO,1991-06-18,Russia,Science,34.275154004106774
GEO,2005-08-07,China,Science,20.136892539356605
LEO,2005-06-03,ESA,Navigation,20.314852840520192
MEO,2001-07-21,USA,Navigation,24.18343600273785
LEO,2019-09-26,Luxembourg,Science,6.0013689253935665
GEO,1995-08-07,ESA,Communications,30.138261464750173
LEO,2021-12-04,China,Communications,3.811088295687885
LEO,2023-12-03,China,Communications,1.8151950718685832
GEO,1994-01-06,USA,Navigation,31.720739219712527
LEO,2017-06-01,Luxembourg,Earth Observation,8.320328542094456
MEO,1996-10-27,Luxembourg,Earth Observation,28.914442162902123
MEO,1995-03-28,China,Earth Observation,30.49965776865161
Elliptical,2011-01-27,China,Science,14.663928815879535
GEO,2024-04-14,USA,Science,1.4510609171800137
GEO,2024-02-25,Luxembourg,Communications,1.5852156057494866
GEO,2022-06-28,USA,Communications,3.247091033538672
LEO,2020-06-26,China,Earth Observation,5.25119780971937
MEO,2019-10-02,USA,Communications,5.984941820670773
GEO,2017-08-19,Russia,Science,8.10403832991102
LEO,2010-01-13,USA,Communications,15.7015742642026
MEO,2012-04-15,ESA,Navigation,13.44832306639288
GEO,1996-05-05,ESA,Communications,29.39356605065024
GEO,2012-07-09,Russia,Navigation,13.215605749486652
Elliptical,2023-07-05,China,Communications,2.2286105407255303
MEO,2018-07-08,USA,Earth Observation,7.219712525667351
LEO,2005-09-06,Luxembourg,Earth Observation,20.05475701574264
GEO,2019-02-20,Luxembourg,Communications,6.598220396988364
Elliptical,1997-01-20,Russia,Communications,28.681724845995895
Elliptical,2019-01-04,China,Navigation,6.7268993839835725
GEO,2012-12-22,ESA,Navigation,12.761122518822724
GEO,2001-03-22,ESA,Communications,24.514715947980836
GEO,2023-07-02,ESA,Science,2.236824093086927
LEO,1996-01-01,China,Navigation,29.73579739904175
LEO,2008-02-26,China,Navigation,17.582477754962355
LEO,1993-03-21,China,Science,32.51745379876797
MEO,2019-08-24,Luxembourg,Earth Observation,6.091718001368926
MEO,2004-01-01,China,Navigation,21.73579739904175
Elliptical,1995-01-12,Luxembourg,Science,30.704996577686515
MEO,2019-11-19,Luxembourg,Navigation,5.853524982888432
GEO,2019-12-06,Russia,Communications,5.806981519507187
GEO,2023-10-04,USA,Navigation,1.9794661190965093
LEO,1996-07-22,Russia,Communications,29.180013689253936
MEO,2006-06-25,China,Science,19.255304585900067
GEO,2007-09-12,Russia,Communications,18.039698836413415
Elliptical,1993-08-11,Russia,Navigation,32.12594113620808
LEO,2002-05-06,ESA,Communications,23.392197125256672
Elliptical,2023-11-22,ESA,Earth Observation,1.8453114305270362
LEO,1992-05-03,USA,Communications,33.399041752224505
MEO,1997-04-10,ESA,Navigation,28.462696783025326
LEO,2022-04-12,China,Earth Observation,3.457905544147844
MEO,2007-09-02,USA,Navigation,18.067077344284737
MEO,2002-06-03,ESA,Communications,23.315537303216974
MEO,1992-11-22,Russia,Communications,32.84325804243669
Elliptical,1997-07-10,China,Science,28.213552361396303
MEO,2022-08-07,Russia,Navigation,3.137577002053388
GEO,2000-10-22,ESA,Science,24.928131416837783
Elliptical,2007-10-13,Russia,Communications,17.95482546201232
LEO,2004-01-02,China,Communications,21.73305954825462
MEO,1999-07-21,China,Science,26.184804928131417
LEO,1996-02-10,USA,Earth Observation,29.626283367556468
Elliptical,2005-10-18,USA,Science,19.939767282683093
GEO,1995-01-13,ESA,Science,30.702258726899384
Elliptical,1998-12-08,USA,Science,26.80082135523614
LEO,1993-07-13,Luxembourg,Science,32.205338809034906
Elliptical,1993-04-17,ESA,Navigation,32.4435318275154
Elliptical,2017-09-03,ESA,Navigation,8.062970568104038
GEO,1991-07-08,Luxembourg,Science,34.220396988364136
LEO,2021-02-02,Russia,Communications,4.646132785763176
LEO,2022-08-22,ESA,Science,3.0965092402464065
MEO,2018-05-04,Russia,Science,7.397672826830938
LEO,2006-08-27,USA,Earth Observation,19.082819986310746
MEO,2012-03-19,China,Navigation,13.522245037645447
MEO,2020-05-11,ESA,Navigation,5.377138945927447
MEO,2007-01-01,Russia,Earth Observation,18.73511293634497
MEO,1996-06-04,Luxembourg,Navigation,29.311430527036276
Elliptical,2001-11-05,Russia,Earth Observation,23.890485968514717
GEO,2001-12-06,Russia,Earth Observation,23.805612594113622
Elliptical,2010-08-04,Luxembourg,Science,15.145790554414784
MEO,2008-11-16,ESA,Navigation,16.859685147159478
Elliptical,2008-12-03,Russia,Science,16.813141683778234
LEO,2010-11-13,China,Navigation,14.869267624914443
MEO,1992-01-25,Russia,Earth Observation,33.67008898015058
Elliptical,2017-12-08,USA,Earth Observation,7.800136892539356
Elliptical,2013-06-11,Russia,Communications,12.292950034223136
LEO,2003-01-15,ESA,Earth Observation,22.69678302532512
GEO,2022-09-26,USA,Earth Observation,3.0006844626967832
Elliptical,2006-06-08,ESA,Communications,19.301848049281315
MEO,2010-03-19,Russia,Navigation,15.523613963039015
MEO,2001-07-20,China,Navigation,24.186173853524984
MEO,2011-05-16,ESA,Communications,14.365503080082135
GEO,1997-02-05,USA,Earth Observation,28.637919233401778
GEO,2019-09-12,Luxembourg,Earth Observation,6.039698836413415
MEO,1994-05-06,USA,Communications,31.392197125256672
MEO,2015-10-17,China,Science,9.943874058863791
Elliptical,2009-12-03,China,Communications,15.813826146475018
GEO,1997-10-24,ESA,Communications,27.923340177960302
Elliptical,2022-05-06,Russia,Earth Observation,3.3921971252566734
GEO,2018-03-22,Luxembourg,Science,7.515400410677618
LEO,2014-04-07,ESA,Navigation,11.471594798083505
Elliptical,1998-03-22,Luxembourg,Earth Observation,27.515400410677618
Elliptical,2004-03-27,ESA,Navigation,21.50034223134839
LEO,2002-07-03,Luxembourg,Navigation,23.23340177960301
LEO,2019-02-19,China,Science,6.6009582477754964
LEO,2005-08-22,China,Navigation,20.095824777549623
LEO,2009-04-13,China,Science,16.45448323066393
GEO,2007-11-19,Russia,Communications,17.853524982888434
LEO,1996-07-17,Luxembourg,Navigation,29.193702943189596
Elliptical,1998-12-07,ESA,Science,26.803559206023273
Elliptical,2007-05-22,Russia,Earth Observation,18.349075975359344
MEO,1992-04-22,ESA,Communications,33.42915811088296
MEO,2022-11-16,ESA,Communications,2.861054072553046
GEO,2021-09-11,China,Earth Observation,4.041067761806982
Elliptical,2005-04-01,ESA,Navigation,20.487337440109513
LEO,2021-10-02,Russia,Communications,3.9835728952772076
LEO,2005-02-03,Luxembourg,Communications,20.643394934976044
LEO,2016-04-11,ESA,Earth Observation,9.45927446954141
GEO,1994-10-18,China,Communications,30.940451745379878
MEO,2010-07-10,Luxembourg,Navigation,15.214236824093087
LEO,2000-09-27,Russia,Communications,24.996577686516083
Elliptical,2023-12-13,ESA,Communications,1.787816563997262
GEO,2010-03-16,Russia,Navigation,15.53182751540041
GEO,2013-11-06,USA,Communications,11.887748117727584
Elliptical,2000-01-23,China,Science,25.675564681724847
MEO,2019-11-12,ESA,Science,5.8726899383983575
LEO,2020-06-12,China,Communications,5.28952772073922
MEO,2024-07-01,Russia,Science,1.2375085557837098
LEO,2006-02-19,Luxembourg,Science,19.600273785078713
MEO,2004-12-17,USA,Science,20.774811772758383
LEO,2011-03-05,ESA,Science,14.562628336755647
Elliptical,1999-11-06,USA,Science,25.88911704312115
MEO,1994-09-26,USA,Communications,31.000684462696782
Elliptical,2010-05-01,Luxembourg,Earth Observation,15.405886379192333
Elliptical,2003-02-19,Russia,Science,22.600958247775495
MEO,2009-01-08,China,Communications,16.71457905544148
GEO,1996-12-21,ESA,Navigation,28.763860369609855
MEO,2000-10-05,Russia,Science,24.974674880219027
MEO,2022-02-24,Luxembourg,Science,3.586584531143053
LEO,2001-05-14,Russia,Communications,24.369609856262834
GEO,2024-10-01,China,Communications,0.9856262833675564
GEO,1992-05-17,ESA,Communications,33.360711841204655
LEO,2013-03-15,USA,Communications,12.53388090349076
MEO,2011-02-14,ESA,Navigation,14.614647501711156
MEO,1992-11-16,ESA,Navigation,32.85968514715948
GEO,2001-10-25,USA,Science,23.920602327173167
Elliptical,2016-09-24,ESA,Navigation,9.00479123887748
GEO,2023-02-28,Luxembourg,Navigation,2.5763175906913074
LEO,2015-12-02,ESA,Earth Observation,9.817932922655714
LEO,2004-06-06,Russia,Earth Observation,21.305954825462013
MEO,1997-02-20,USA,Communications,28.5968514715948
Elliptical,1993-01-28,Russia,Earth Observation,32.65982203969884
MEO,2022-08-19,ESA,Communications,3.1047227926078027
Elliptical,2001-01-18,USA,Science,24.687200547570157
GEO,2004-07-03,USA,Navigation,21.232032854209447
MEO,1998-10-25,Russia,Science,26.921286789869953
MEO,1995-10-07,ESA,Science,29.971252566735114
GEO,2004-05-07,Russia,Earth Observation,21.388090349075977
MEO,2003-09-09,Luxembourg,Science,22.04791238877481
LEO,2015-02-03,Luxembourg,Science,10.64476386036961
Elliptical,2006-08-16,Russia,Communications,19.1129363449692
Elliptical,2016-02-11,USA,Navigation,9.623545516769337
GEO,2002-05-21,Russia,Earth Observation,23.351129363449694
GEO,2012-02-25,Russia,Earth Observation,13.585215605749486
LEO,2015-07-15,Luxembourg,Communications,10.20123203285421
Elliptical,2005-12-19,Russia,Earth Observation,19.770020533880903
MEO,2022-04-21,Luxembourg,Navigation,3.433264887063655
GEO,2004-09-07,USA,Navigation,21.05133470225873
GEO,2002-02-08,China,Earth Observation,23.630390143737166
GEO,2023-06-15,USA,Navigation,2.2833675564681726
LEO,1995-11-15,USA,Navigation,29.864476386036962
Elliptical,2003-05-28,USA,Earth Observation,22.33264887063655
LEO,1999-03-06,Russia,Science,26.559890485968516
MEO,1990-02-14,ESA,Earth Observation,35.61396303901437
MEO,2014-09-11,USA,Earth Observation,11.041752224503764
MEO,1990-11-23,ESA,Earth Observation,34.841889117043124
GEO,2011-11-02,USA,Navigation,13.900068446269678
Elliptical,2003-04-03,China,Navigation,22.483230663928815
GEO,2015-02-27,Luxembourg,Communications,10.57905544147844
Elliptical,2005-03-18,China,Navigation,20.525667351129364
Elliptical,1990-11-03,Luxembourg,Communications,34.89664613278576
LEO,2012-07-19,China,Navigation,13.188227241615332
MEO,1998-12-01,Luxembourg,Earth Observation,26.819986310746064
MEO,2001-03-15,Russia,Communications,24.53388090349076
Elliptical,2004-01-13,Russia,Communications,21.702943189596166
MEO,2022-09-12,Russia,Communications,3.0390143737166326
Elliptical,1990-09-21,China,Earth Observation,35.01437371663244
MEO,2006-07-21,China,Science,19.184120465434635
Elliptical,2013-09-18,China,Science,12.021902806297057
LEO,1994-03-11,China,Earth Observation,31.54551676933607
LEO,1997-02-01,Russia,Navigation,28.648870636550306
Elliptical,2023-10-18,Russia,Science,1.9411362080766599
MEO,1998-08-25,ESA,Navigation,27.08829568788501
MEO,2011-03-19,Luxembourg,Science,14.524298425735797
GEO,2012-07-10,Russia,Science,13.212867898699521
Elliptical,2004-06-08,USA,Navigation,21.300479123887747
LEO,1997-11-26,Russia,Navigation,27.83299110198494
GEO,2020-02-06,Luxembourg,Science,5.637234770704997
LEO,2012-02-10,Russia,Science,13.626283367556468
Elliptical,2017-11-03,USA,Earth Observation,7.8959616700889805
LEO,1999-06-14,USA,Earth Observation,26.286105407255306
GEO,1993-09-24,USA,Science,32.00547570157426
GEO,2014-03-25,Luxembourg,Earth Observation,11.507186858316222
MEO,2004-10-15,ESA,Communications,20.947296372347708
GEO,1997-09-12,ESA,Science,28.03832991101985
LEO,2001-08-18,Russia,Navigation,24.10677618069815
MEO,1997-01-27,USA,Navigation,28.66255989048597
GEO,2009-04-18,USA,Science,16.44079397672827
MEO,2024-05-15,ESA,Communications,1.3661875427789185
MEO,2020-02-24,USA,Navigation,5.587953456536619
MEO,2012-01-10,Luxembourg,Science,13.711156741957563
MEO,1996-01-17,Luxembourg,Science,29.691991786447637
Elliptical,2020-01-13,Luxembourg,Communications,5.702943189596167
Elliptical,2004-09-28,USA,Communications,20.993839835728952
LEO,2006-02-19,Luxembourg,Communications,19.600273785078713
MEO,2013-08-24,USA,Communications,12.09034907597536
LEO,1997-01-19,Russia,Earth Observation,28.684462696783026
Elliptical,2011-09-03,USA,Earth Observation,14.064339493497604
GEO,2010-05-08,Russia,Navigation,15.38672142368241
Elliptical,1993-05-25,ESA,Science,32.33949349760438
Elliptical,2011-08-13,ESA,Navigation,14.121834360027378
LEO,2002-02-19,Luxembourg,Communications,23.600273785078713
MEO,2005-10-20,USA,Navigation,19.93429158110883
GEO,2014-10-27,Russia,Communications,10.915811088295689
MEO,2022-12-17,Russia,Earth Observation,2.7761806981519506
MEO,2004-10-28,Luxembourg,Communications,20.91170431211499
GEO,2011-10-14,USA,Communications,13.952087611225188
GEO,1994-06-26,Luxembourg,Navigation,31.252566735112936
LEO,2002-05-28,ESA,Communications,23.33196440793977
LEO,2018-02-28,Russia,Earth Observation,7.575633127994524
Elliptical,1994-10-27,Russia,Navigation,30.915811088295687
MEO,1990-09-27,USA,Communications,34.997946611909654
GEO,2004-03-26,ESA,Communications,21.503080082135522
MEO,2016-12-02,Russia,Science,8.815879534565367
LEO,2022-03-18,USA,Navigation,3.5263518138261465
GEO,2022-01-08,Russia,Communications,3.7152635181382614
LEO,1996-01-12,China,Communications,29.7056810403833
GEO,2007-03-27,Russia,Science,18.50239561943874
GEO,1997-07-25,China,Earth Observation,28.17248459958932
Elliptical,1996-06-14,Luxembourg,Science,29.284052019164957
LEO,2009-04-11,USA,Science,16.459958932238195
LEO,2024-11-04,USA,Science,0.892539356605065
GEO,2014-06-20,ESA,Earth Observation,11.268993839835728
LEO,2016-02-15,China,Earth Observation,9.612594113620808
MEO,2007-06-11,Luxembourg,Navigation,18.2943189596167
LEO,2001-03-03,China,Earth Observation,24.566735112936346
GEO,2014-08-23,Russia,Communications,11.093771389459274
Elliptical,2004-08-09,Luxembourg,Communications,21.130732375085557
GEO,2015-10-22,USA,Science,9.930184804928132
Elliptical,2002-11-01,ESA,Science,22.902121834360027
Elliptical,1995-08-19,Russia,Earth Observation,30.105407255304584
LEO,2014-06-26,ESA,Communications,11.252566735112936
GEO,2004-09-13,China,Earth Observation,21.034907597535934
Elliptical,2010-10-13,USA,Science,14.954140999315538
MEO,2000-02-09,Russia,Earth Observation,25.6290212183436
GEO,2008-01-06,China,Navigation,17.72210814510609
Elliptical,1999-02-03,China,Earth Observation,26.64476386036961
GEO,1995-09-24,Luxembourg,Science,30.00684462696783
Elliptical,2016-06-20,ESA,Navigation,9.267624914442163
MEO,1997-09-11,USA,Science,28.041067761806982
LEO,1991-08-08,Russia,Earth Observation,34.13552361396304
Elliptical,2014-01-13,USA,Navigation,11.7015742642026
LEO,1990-03-28,USA,Earth Observation,35.49897330595483
MEO,2002-10-26,Russia,Navigation,22.91854893908282
GEO,1998-06-03,ESA,Earth Observation,27.315537303216974
MEO,2022-04-03,Russia,Science,3.482546201232033
MEO,2012-02-28,Luxembourg,Navigation,13.57700205338809
Elliptical,2006-07-22,USA,Navigation,19.1813826146475
Elliptical,1993-09-10,USA,Communications,32.04380561259411
MEO,2011-11-01,Luxembourg,Communications,13.902806297056811
Elliptical,2019-07-19,Luxembourg,Navigation,6.190280629705681
GEO,2022-08-04,USA,Navigation,3.1457905544147846
LEO,2012-03-20,ESA,Communications,13.519507186858316
GEO,1999-06-18,China,Earth Observation,26.275154004106778
Elliptical,2010-11-22,Luxembourg,Communications,14.844626967830253
Elliptical,2015-11-19,Luxembourg,Navigation,9.853524982888432
GEO,2018-04-08,China,Communications,7.468856947296373
LEO,1991-02-11,USA,Earth Observation,34.62286105407255
LEO,2019-01-24,Russia,Communications,6.672142368240931
Elliptical,2012-02-22,Luxembourg,Communications,13.593429158110883
LEO,2016-01-27,USA,Communications,9.664613278576317
Elliptical,2005-05-04,China,Communications,20.396988364134156
GEO,2001-10-26,China,Communications,23.917864476386036
LEO,2000-04-24,China,Earth Observation,25.423682409308693
Elliptical,2021-07-04,USA,Earth Observation,4.229979466119096
GEO,2007-01-14,Luxembourg,Navigation,18.699520876112253
MEO,1998-10-26,ESA,Communications,26.91854893908282
MEO,2018-12-17,China,Science,6.776180698151951
GEO,2015-04-01,China,Science,10.48870636550308
Elliptical,2013-05-26,Luxembourg,Navigation,12.336755646817249
MEO,1998-05-02,China,Communications,27.4031485284052
Elliptical,2019-08-21,ESA,Communications,6.099931553730322
MEO,2011-03-20,ESA,Science,14.521560574948666
MEO,2004-11-14,USA,Communications,20.865160848733744
Elliptical,1991-12-23,ESA,Communications,33.76043805612594
GEO,2003-12-24,China,Communications,21.75770020533881
Elliptical,2019-11-06,ESA,Navigation,5.88911704312115
Elliptical,2018-07-24,China,Communications,7.175906913073238
Elliptical,2006-05-02,Luxembourg,Navigation,19.4031485284052
LEO,2019-08-01,China,Navigation,6.154688569472964
MEO,2017-11-07,ESA,Navigation,7.885010266940451
GEO,2003-10-07,China,Navigation,21.971252566735114
Elliptical,1991-03-01,Luxembourg,Navigation,34.573579739904176
Elliptical,2013-08-17,ESA,Science,12.109514031485284
LEO,1994-02-20,USA,Communications,31.59753593429158
Elliptical,2015-02-27,USA,Earth Observation,10.57905544147844
GEO,2021-05-09,ESA,Science,4.383299110198494
Elliptical,2008-07-11,USA,Navigation,17.21013004791239
MEO,2009-07-03,Luxembourg,Navigation,16.23271731690623
Elliptical,2019-08-28,Russia,Earth Observation,6.080766598220397
MEO,2024-03-28,ESA,Navigation,1.4976043805612593
MEO,1999-05-16,USA,Communications,26.365503080082135
GEO,2018-11-02,China,Earth Observation,6.899383983572895
MEO,2013-10-24,Luxembourg,Earth Observation,11.9233401779603
GEO,2011-09-14,Luxembourg,Navigation,14.03422313483915
MEO,2023-07-12,China,Navigation,2.209445585215606
LEO,2016-02-18,Russia,Earth Observation,9.604380561259411
GEO,2006-03-09,USA,Earth Observation,19.550992470910334
Elliptical,1996-05-12,Russia,Navigation,29.374401095140314
GEO,1996-07-10,China,Earth Observation,29.21286789869952
GEO,2000-02-17,Russia,Communications,25.607118412046542
GEO,2010-12-15,China,Communications,14.781656399726215
LEO,2015-06-24,Luxembourg,Communications,10.258726899383984
GEO,2023-12-07,Russia,Communications,1.8042436687200547
Elliptical,2002-12-09,Luxembourg,Navigation,22.798083504449007
Elliptical,2000-05-06,China,Earth Observation,25.39082819986311
LEO,2006-08-22,USA,Communications,19.096509240246405
MEO,2023-08-19,USA,Science,2.105407255304586
LEO,2011-06-25,Russia,Navigation,14.255989048596852
LEO,2021-05-23,ESA,Earth Observation,4.344969199178645
GEO,2017-05-02,Russia,Navigation,8.402464065708418
LEO,2011-01-26,USA,Science,14.666666666666666
MEO,2002-06-13,ESA,Science,23.288158795345655
Elliptical,2005-08-22,USA,Navigation,20.095824777549623
GEO,1991-11-12,Luxembourg,Navigation,33.87268993839836
GEO,2005-07-20,ESA,Communications,20.186173853524984
LEO,1991-11-15,Luxembourg,Earth Observation,33.86447638603696
LEO,2008-05-21,China,Science,17.349760438056126
Elliptical,2021-03-26,USA,Communications,4.503764544832307
LEO,2011-03-06,Russia,Communications,14.559890485968515
LEO,2013-02-13,Luxembourg,Navigation,12.616016427104723
LEO,2007-03-27,Luxembourg,Communications,18.50239561943874
Elliptical,2020-06-18,Russia,Science,5.2731006160164275
MEO,1992-04-11,Russia,Science,33.45927446954141
GEO,1996-11-28,Russia,Communications,28.826830937713893
GEO,2000-03-09,ESA,Navigation,25.54962354551677
LEO,2017-09-24,Russia,Communications,8.005475701574264
Elliptical,2022-12-03,ESA,Science,2.8145106091718
MEO,1997-07-08,Russia,Science,28.21902806297057
MEO,2024-02-10,China,Communications,1.626283367556468
Elliptical,2015-06-16,China,Communications,10.28062970568104
GEO,2007-05-24,Russia,Earth Observation,18.34360027378508
LEO,2020-04-03,China,Navigation,5.4811772758384665
MEO,1996-06-28,Russia,Earth Observation,29.245722108145106
LEO,2011-04-24,China,Navigation,14.425735797399042
Elliptical,1990-04-19,USA,Navigation,35.43874058863792
GEO,2019-05-01,Luxembourg,Earth Observation,6.406570841889117
GEO,2021-03-15,USA,Communications,4.5338809034907595
MEO,2010-01-16,USA,Earth Observation,15.693360711841205
LEO,1996-05-07,USA,Earth Observation,29.388090349075977
Elliptical,1991-06-18,USA,Navigation,34.275154004106774
Elliptical,2004-05-26,USA,Navigation,21.336071184120467
LEO,2014-03-24,USA,Navigation,11.509924709103354
Elliptical,2023-07-27,Luxembourg,Science,2.1683778234086244
Elliptical,2013-09-24,Russia,Science,12.005475701574264
Elliptical,2023-07-07,USA,Earth Observation,2.223134839151266
GEO,1991-12-19,Russia,Navigation,33.77138945927447
MEO,1996-09-04,Luxembourg,Science,29.059548254620122
Elliptical,2022-05-24,Luxembourg,Navigation,3.3429158110882957
GEO,1990-07-10,Russia,Earth Observation,35.214236824093085
LEO,2024-11-24,USA,Navigation,0.837782340862423
MEO,2016-03-05,ESA,Communications,9.560574948665298
LEO,2022-01-07,USA,Navigation,3.7180013689253935
MEO,1992-07-15,Russia,Communications,33.19917864476386
MEO,1991-01-26,Russia,Science,34.666666666666664
Elliptical,2024-05-19,Russia,Communications,1.3552361396303902
MEO,2010-06-26,Luxembourg,Navigation,15.252566735112936
LEO,1995-05-02,China,Communications,30.403832991101986
LEO,2002-01-10,ESA,Navigation,23.709787816564
MEO,1994-10-21,ESA,Navigation,30.93223819301848
MEO,1994-03-28,USA,Navigation,31.498973305954827
Elliptical,2002-05-08,Luxembourg,Earth Observation,23.38672142368241
LEO,1992-10-28,Russia,Communications,32.91170431211499
MEO,2006-03-24,USA,Science,19.509924709103355
MEO,1994-09-21,Russia,Navigation,31.014373716632445
Elliptical,2004-05-05,China,Science,21.39356605065024
LEO,1990-04-23,China,Navigation,35.42778918548939
Elliptical,2003-06-22,Luxembourg,Navigation,22.26420260095825
LEO,2016-05-04,USA,Science,9.396303901437372
Elliptical,2017-07-26,Russia,Earth Observation,8.16974674880219
LEO,2018-05-21,China,Navigation,7.351129363449692
GEO,2013-08-26,China,Navigation,12.084873374401095
Elliptical,2001-06-21,USA,Communications,24.265571526351813
Elliptical,2016-06-09,Luxembourg,Earth Observation,9.297741273100616
GEO,2005-02-12,Luxembourg,Science,20.618754277891856
Elliptical,2002-05-02,Russia,Communications,23.4031485284052
LEO,2012-12-17,China,Science,12.774811772758385
LEO,2023-01-25,Russia,Science,2.6694045174537986
GEO,1995-08-28,Russia,Science,30.080766598220396
LEO,2003-05-26,ESA,Earth Observation,22.338124572210816
MEO,1992-05-18,ESA,Navigation,33.35797399041752
Elliptical,2000-09-17,ESA,Science,25.023956194387406
MEO,2003-08-19,ESA,Earth Observation,22.105407255304584
MEO,2007-12-19,USA,Communications,17.77138945927447
GEO,2022-08-14,USA,Science,3.1184120465434635
Elliptical,2016-10-02,Luxembourg,Communications,8.982888432580424
GEO,2013-05-20,Luxembourg,Navigation,12.353182751540041
GEO,2011-10-07,USA,Earth Observation,13.971252566735114
LEO,1996-08-14,ESA,Communications,29.117043121149898
LEO,2004-06-25,USA,Earth Observation,21.253935660506503
GEO,2023-12-19,ESA,Navigation,1.7713894592744694
GEO,2001-02-02,Russia,Navigation,24.646132785763175
LEO,1992-08-22,China,Communications,33.09514031485284
LEO,2024-04-17,ESA,Science,1.4428473648186173
GEO,2022-02-21,Russia,Communications,3.594798083504449
MEO,2011-01-01,China,Science,14.735112936344969
Elliptical,1996-09-11,Luxembourg,Earth Observation,29.0403832991102
Elliptical,2016-04-28,Luxembourg,Navigation,9.412731006160165
Elliptical,2011-05-01,Luxembourg,Earth Observation,14.406570841889117
Elliptical,2005-01-14,Luxembourg,Navigation,20.698151950718685
Elliptical,2010-03-12,China,Earth Observation,15.542778918548938
MEO,1991-09-07,China,Science,34.053388090349074
Elliptical,1991-05-18,USA,Earth Observation,34.36002737850787
Elliptical,2014-12-09,Luxembourg,Communications,10.798083504449007
GEO,2008-07-28,Luxembourg,Navigation,17.163586584531142
Elliptical,2008-09-22,Luxembourg,Navigation,17.010266940451746
MEO,1999-04-26,Russia,Navigation,26.420260095824776
GEO,1991-06-01,USA,Navigation,34.32169746748802
Elliptical,2009-12-03,USA,Navigation,15.813826146475018
GEO,2016-10-07,Russia,Science,8.969199178644764
MEO,2023-06-17,ESA,Navigation,2.2778918548939084
Elliptical,2009-06-01,USA,Earth Observation,16.320328542094455
LEO,2015-01-09,ESA,Communications,10.713210130047912
LEO,2007-10-05,Russia,Navigation,17.976728268309376
GEO,1991-08-19,ESA,Science,34.105407255304584
GEO,1990-07-04,USA,Navigation,35.23066392881588
Elliptical,2022-04-12,USA,Earth Observation,3.457905544147844
Elliptical,2005-10-14,China,Earth Observation,19.95071868583162
MEO,2011-08-07,USA,Earth Observation,14.13826146475017
Elliptical,2011-10-15,USA,Navigation,13.949349760438055
LEO,2001-10-13,ESA,Navigation,23.953456536618756
MEO,1993-01-15,Russia,Communications,32.695414099931554
GEO,2016-06-14,China,Science,9.284052019164955
Elliptical,1998-04-20,Luxembourg,Navigation,27.43600273785079
LEO,2007-09-03,ESA,Science,18.064339493497606
MEO,2012-01-18,USA,Earth Observation,13.689253935660506
GEO,2015-08-12,USA,Science,10.124572210814511
Elliptical,2006-08-06,Luxembourg,Science,19.140314852840522
MEO,2004-07-09,Luxembourg,Communications,21.215605749486652
MEO,2002-04-15,Luxembourg,Communications,23.449691991786448
Elliptical,2010-06-23,Russia,Navigation,15.260780287474333
GEO,2014-03-18,China,Science,11.526351813826146
GEO,2000-04-16,ESA,Navigation,25.44558521560575
GEO,1992-08-26,ESA,Navigation,33.08418891170431
MEO,2016-03-03,USA,Navigation,9.566050650239562
MEO,1997-04-06,China,Science,28.473648186173854
MEO,1993-03-17,Russia,Science,32.5284052019165
Elliptical,1999-09-27,Luxembourg,Communications,25.998631074606433
MEO,2002-03-11,ESA,Science,23.54551676933607
MEO,2004-04-28,ESA,Navigation,21.412731006160165
LEO,1991-01-03,ESA,Science,34.729637234770706
LEO,1992-11-20,China,Communications,32.84873374401095
Elliptical,1997-05-18,USA,Earth Observation,28.358658453114305
LEO,2007-04-03,Luxembourg,Earth Observation,18.483230663928815
MEO,1998-05-07,China,Science,27.38945927446954
LEO,2011-10-06,USA,Earth Observation,13.973990417522245
GEO,2008-05-27,Russia,Navigation,17.333333333333332
MEO,1991-09-17,Russia,Earth Observation,34.026009582477755
GEO,2006-04-24,China,Communications,19.42505133470226
MEO,2011-10-13,China,Earth Observation,13.95482546201232
GEO,2002-09-08,ESA,Earth Observation,23.04996577686516
LEO,2010-08-13,USA,Navigation,15.121149897330595
MEO,2005-03-04,China,Communications,20.56399726214921
GEO,1990-03-12,China,Science,35.54277891854894
Elliptical,2006-06-09,Russia,Science,19.299110198494184
LEO,2019-04-17,Russia,Science,6.444900752908967
GEO,2022-08-16,Russia,Science,3.1129363449691994
GEO,2008-08-15,Russia,Earth Observation,17.114305270362767
GEO,2021-09-21,ESA,Science,4.01368925393566
Elliptical,2014-08-04,USA,Communications,11.145790554414784
LEO,1991-02-14,Luxembourg,Navigation,34.614647501711154
Elliptical,2013-11-27,ESA,Earth Observation,11.83025325119781
LEO,2011-02-06,Russia,Science,14.636550308008214
Elliptical,2015-10-09,Russia,Science,9.96577686516085
GEO,2021-01-26,USA,Communications,4.6652977412731005
GEO,2013-06-22,ESA,Earth Observation,12.262833675564682
MEO,2019-05-08,USA,Navigation,6.3874058863791925
GEO,2015-10-19,ESA,Science,9.938398357289527
MEO,1994-06-16,China,Science,31.279945242984258
LEO,2018-02-05,China,Science,7.638603696098563
MEO,2020-05-24,USA,Navigation,5.341546885694729
LEO,1990-01-11,ESA,Science,35.70704996577687
Elliptical,2009-01-21,China,Science,16.67898699520876
MEO,2016-06-08,Luxembourg,Communications,9.300479123887747
GEO,2024-09-25,USA,Communications,1.002053388090349
GEO,1994-08-11,China,Science,31.12662559890486
Elliptical,2009-06-26,USA,Earth Observation,16.251882272416154
Elliptical,2021-12-23,Luxembourg,Earth Observation,3.759069130732375
Elliptical,2001-11-15,Russia,Earth Observation,23.863107460643395
MEO,2001-04-03,China,Science,24.48186173853525
GEO,2007-11-03,ESA,Science,17.897330595482547
LEO,1991-04-26,Russia,Navigation,34.42026009582478
LEO,2019-11-11,USA,Communications,5.87542778918549
LEO,2015-06-20,China,Communications,10.269678302532512
LEO,1998-04-13,Russia,Navigation,27.45516769336071
LEO,2019-03-19,China,Science,6.524298425735798
LEO,2014-11-12,Russia,Communications,10.872005475701574
GEO,1997-09-21,Russia,Navigation,28.01368925393566
GEO,2011-02-25,Luxembourg,Science,14.584531143052704
Elliptical,2015-07-28,USA,Navigation,10.165639972621491
GEO,2002-01-07,Russia,Science,23.718001368925393
LEO,2024-08-23,China,Navigation,1.0924024640657084
Elliptical,2014-02-21,Luxembourg,Navigation,11.594798083504449
MEO,2002-07-14,ESA,Science,23.20328542094456
LEO,1990-11-12,China,Science,34.87200547570158
MEO,2014-12-23,USA,Science,10.759753593429158
GEO,1994-06-16,China,Navigation,31.279945242984258
GEO,2021-04-22,China,Science,4.42984257357974
Elliptical,2021-09-23,ESA,Earth Observation,4.008213552361396
GEO,1999-05-02,China,Navigation,26.403832991101986
MEO,1999-11-28,ESA,Earth Observation,25.828884325804243
GEO,2007-07-26,ESA,Earth Observation,18.171115674195757
Elliptical,1993-07-01,USA,Communications,32.238193018480494
MEO,2014-05-21,ESA,Science,11.351129363449692
GEO,1996-06-17,ESA,Navigation,29.27583846680356
LEO,2018-10-23,Luxembourg,Navigation,6.926762491444216
Elliptical,2019-12-25,USA,Communications,5.754962354551677
MEO,2004-06-10,Russia,Navigation,21.295003422313485
Elliptical,1994-08-15,Russia,Communications,31.11567419575633
Elliptical,2022-09-24,Russia,Communications,3.0061601642710474
MEO,1993-06-24,China,Communications,32.257357973990416
MEO,1998-09-17,ESA,Earth Observation,27.025325119780973
LEO,2014-05-16,Luxembourg,Navigation,11.364818617385353
GEO,1992-05-12,ESA,Science,33.374401095140314
GEO,1993-04-01,China,Science,32.48733744010951
MEO,1997-03-13,China,Science,28.539356605065024
Elliptical,2020-11-02,Russia,Science,4.898015058179329
Elliptical,2022-02-07,Russia,Communications,3.6331279945242985
GEO,2004-06-13,Russia,Communications,21.286789869952088
Elliptical,2020-04-09,ESA,Navigation,5.464750171115674
MEO,2022-12-01,China,Communications,2.8199863107460645
GEO,1995-06-25,ESA,Science,30.255989048596852
LEO,1994-07-27,Russia,Navigation,31.16769336071184
Elliptical,2011-04-08,China,Navigation,14.469541409993155
LEO,2019-11-02,Luxembourg,Earth Observation,5.900068446269678
LEO,1997-04-05,USA,Science,28.476386036960985
GEO,1998-01-04,USA,Navigation,27.72621492128679
Elliptical,2002-06-10,USA,Earth Observation,23.29637234770705
GEO,2021-09-26,China,Science,4.0
LEO,2005-08-18,China,Navigation,20.10677618069815
Elliptical,1996-06-03,ESA,Earth Observation,29.31416837782341
LEO,2016-11-23,Luxembourg,Earth Observation,8.840520191649555
LEO,1990-11-04,China,Earth Observation,34.893908281998634
LEO,1996-10-03,Luxembourg,Earth Observation,28.980150581793293
GEO,2012-06-18,Russia,Navigation,13.273100616016427
Elliptical,2020-02-07,USA,Navigation,5.634496919917864
MEO,2022-09-16,Luxembourg,Communications,3.028062970568104
Elliptical,2013-02-22,USA,Science,12.591375770020534
LEO,2010-01-18,USA,Communications,15.68788501026694
Elliptical,2013-11-20,Russia,Earth Observation,11.849418206707734
GEO,2012-01-19,Russia,Navigation,13.686516084873375
MEO,2003-02-01,Russia,Earth Observation,22.650239561943874
MEO,2010-03-17,USA,Navigation,15.529089664613279
LEO,2007-12-24,USA,Navigation,17.75770020533881
GEO,2012-03-22,ESA,Communications,13.514031485284052
MEO,2008-05-25,Luxembourg,Navigation,17.338809034907598
MEO,2009-10-20,Luxembourg,Science,15.93429158110883
MEO,2016-01-08,China,Communications,9.716632443531827
Elliptical,2021-01-26,ESA,Navigation,4.6652977412731005
MEO,1990-02-18,USA,Communications,35.60301163586585
GEO,2018-08-05,China,Navigation,7.143052703627652
LEO,1996-04-17,USA,Communications,29.44284736481862
Elliptical,2006-02-22,China,Earth Observation,19.592060232717316
MEO,2000-11-20,Russia,Communications,24.84873374401095
Elliptical,2002-04-25,Luxembourg,Communications,23.422313483915126
GEO,2007-08-12,China,Navigation,18.12457221081451
MEO,2024-11-13,China,Navigation,0.8678986995208761
GEO,1997-02-21,China,Communications,28.594113620807665
Elliptical,2022-01-13,ESA,Science,3.701574264202601
GEO,2010-11-11,China,Communications,14.874743326488707
GEO,1993-01-06,Russia,Communications,32.720054757015745
LEO,2024-08-15,USA,Communications,1.1143052703627652
Elliptical,2006-04-17,China,Navigation,19.444216290212182
Elliptical,2008-07-21,Luxembourg,Communications,17.182751540041068
Elliptical,2006-12-03,China,Communications,18.8145106091718
Elliptical,2014-10-17,Luxembourg,Navigation,10.94318959616701
Elliptical,1991-11-01,China,Earth Observation,33.90280629705681
LEO,1991-02-20,ESA,Navigation,34.59822039698837
GEO,2019-12-10,Luxembourg,Navigation,5.796030116358659
MEO,1998-06-14,Russia,Communications,27.28542094455852
LEO,2014-02-20,Luxembourg,Science,11.597535934291582
MEO,1991-04-06,ESA,Navigation,34.47501711156742
LEO,2001-01-27,USA,Science,24.66255989048597
LEO,2021-02-07,China,Science,4.632443531827516
MEO,2007-12-07,Russia,Communications,17.804243668720055
LEO,2008-03-24,Russia,Navigation,17.508555783709788
MEO,2006-05-06,Luxembourg,Science,19.392197125256672
GEO,2018-09-09,Luxembourg,Navigation,7.047227926078029
LEO,2005-10-13,Luxembourg,Navigation,19.953456536618756
GEO,1996-08-09,Luxembourg,Earth Observation,29.130732375085557
GEO,2009-07-07,USA,Earth Observation,16.2217659137577
LEO,2003-09-15,Russia,Science,22.031485284052017
MEO,2019-12-22,USA,Earth Observation,5.763175906913073
LEO,2018-06-27,China,Earth Observation,7.2498288843258045
Elliptical,2014-08-13,USA,Communications,11.121149897330595
Elliptical,2020-04-16,China,Communications,5.44558521560575
MEO,2016-05-22,Russia,Science,9.347022587268993
Elliptical,1994-01-26,Russia,Science,31.665982203969882
MEO,1992-02-23,Luxembourg,Science,33.59069130732375
LEO,2023-04-05,Luxembourg,Communications,2.4777549623545516
MEO,1998-07-14,China,Earth Observation,27.20328542094456
GEO,2000-09-22,Russia,Science,25.010266940451746
MEO,1990-04-04,USA,Science,35.4798083504449
Elliptical,2021-09-06,China,Navigation,4.054757015742642
GEO,2019-06-21,China,Earth Observation,6.26694045174538
MEO,2024-07-20,USA,Earth Observation,1.1854893908281998
GEO,2003-09-06,China,Navigation,22.05612594113621
MEO,2006-07-01,Russia,Navigation,19.238877481177276
Elliptical,2010-08-06,ESA,Earth Observation,15.14031485284052
GEO,2008-05-10,Russia,Science,17.37987679671458
GEO,2005-02-15,China,Earth Observation,20.61054072553046
MEO,1991-01-07,USA,Communications,34.718685831622174
MEO,1995-02-21,ESA,Science,30.595482546201232
Elliptical,2016-10-03,USA,Communications,8.980150581793293
Elliptical,1999-06-10,Luxembourg,Navigation,26.297056810403834
GEO,2015-10-28,Russia,Communications,9.91375770020534
Elliptical,2000-06-21,Luxembourg,Earth Observation,25.26488706365503
LEO,2015-06-18,Luxembourg,Earth Observation,10.275154004106776
GEO,1998-01-08,China,Earth Observation,27.71526351813826
GEO,2010-11-23,China,Science,14.841889117043122
Elliptical,2021-08-13,ESA,Science,4.120465434633813
GEO,2019-08-06,China,Communications,6.140999315537303
GEO,2008-11-05,China,Earth Observation,16.889801505817932
Elliptical,2015-01-21,USA,Navigation,10.680355920602327
Elliptical,2006-08-20,Russia,Communications,19.10198494182067
MEO,2013-08-09,Luxembourg,Science,12.131416837782341
LEO,2004-09-19,China,Science,21.018480492813143
MEO,2020-02-25,China,Communications,5.585215605749487
GEO,2013-08-20,USA,Communications,12.101300479123887
MEO,2000-05-02,Russia,Communications,25.401779603011637
MEO,2018-12-06,ESA,Navigation,6.806297056810404
GEO,2007-05-07,Luxembourg,Navigation,18.390143737166323
LEO,1995-10-02,Russia,Navigation,29.984941820670773
Elliptical,1998-01-18,Russia,Science,27.68788501026694
LEO,2009-09-08,Luxembourg,Communications,16.04928131416838
Elliptical,1998-11-27,ESA,Navigation,26.830937713894592
GEO,2010-02-10,USA,Communications,15.624914442162902
LEO,1990-04-13,USA,Earth Observation,35.455167693360714
Elliptical,1991-03-13,USA,Earth Observation,34.54072553045859
GEO,1991-10-04,Luxembourg,Earth Observation,33.97946611909651
MEO,1997-06-26,China,Earth Observation,28.251882272416154
MEO,2022-03-12,China,Navigation,3.542778918548939
LEO,2013-11-22,Russia,Communications,11.84394250513347
GEO,2010-07-07,USA,Communications,15.222450376454484
MEO,2006-08-20,Russia,Communications,19.10198494182067
Elliptical,2015-09-19,Luxembourg,Science,10.020533880903491
MEO,1996-05-08,Luxembourg,Earth Observation,29.385352498288842
GEO,2021-04-23,USA,Navigation,4.427104722792608
GEO,1992-02-12,ESA,Communications,33.620807665982205
MEO,2006-07-11,Russia,Communications,19.211498973305954
MEO,2001-11-13,ESA,Navigation,23.86858316221766
LEO,2023-03-03,USA,Science,2.568104038329911
Elliptical,2003-02-26,USA,Navigation,22.581793292265573
LEO,2024-04-04,Russia,Communications,1.4784394250513346
LEO,2022-12-18,ESA,Navigation,2.7734428473648185
GEO,2014-07-07,USA,Navigation,11.222450376454484
MEO,1994-06-09,Russia,Science,31.299110198494184
GEO,2023-05-03,ESA,Earth Observation,2.401095140314853
MEO,1999-08-02,Luxembourg,Earth Observation,26.151950718685832
LEO,2016-08-10,Luxembourg,Science,9.127994524298426
Elliptical,2014-04-18,Luxembourg,Earth Observation,11.441478439425051
GEO,1993-11-01,USA,Communications,31.901437371663246
LEO,2011-10-24,USA,Earth Observation,13.924709103353868
MEO,2007-01-06,Russia,Earth Observation,18.72142368240931
LEO,1997-12-13,ESA,Communications,27.786447638603697
Elliptical,2013-12-25,Luxembourg,Science,11.75359342915811
GEO,2021-09-22,China,Navigation,4.010951403148528
GEO,2002-07-21,Russia,Communications,23.184120465434635
LEO,2012-04-18,Russia,Communications,13.440109514031485
Elliptical,2007-03-03,Luxembourg,Communications,18.56810403832991
MEO,2022-01-09,USA,Communications,3.7125256673511293
LEO,1994-11-06,Russia,Communications,30.888432580424368
Elliptical,2016-08-27,ESA,Navigation,9.08145106091718
GEO,1996-11-21,USA,Science,28.84599589322382
Elliptical,1999-11-03,Luxembourg,Earth Observation,25.897330595482547
LEO,2013-10-15,Luxembourg,Science,11.94798083504449
MEO,1996-12-25,ESA,Science,28.752908966461327
MEO,2015-06-08,Russia,Navigation,10.302532511978097
MEO,2013-08-26,Luxembourg,Science,12.084873374401095
Elliptical,2023-01-26,ESA,Navigation,2.6666666666666665
LEO,1998-08-27,Luxembourg,Communications,27.082819986310746
GEO,2014-05-19,China,Science,11.356605065023956
LEO,2014-07-23,China,Science,11.178644763860369
GEO,2012-12-22,ESA,Navigation,12.761122518822724
MEO,2017-04-24,Russia,Navigation,8.424366872005475
LEO,2015-09-01,USA,Navigation,10.069815195071868
Elliptical,2011-12-21,ESA,Navigation,13.765913757700206
MEO,2009-02-09,Russia,Communications,16.62696783025325
LEO,2003-07-04,Luxembourg,Navigation,22.23134839151266
Elliptical,2019-09-28,ESA,Communications,5.9958932238193015
GEO,2023-07-11,ESA,Science,2.212183436002738
Elliptical,2019-05-24,USA,Communications,6.3436002737850785
GEO,2022-06-13,ESA,Earth Observation,3.2881587953456535
LEO,2006-06-01,USA,Science,19.32101300479124
MEO,2019-09-04,Luxembourg,Earth Observation,6.061601642710472
MEO,2007-04-26,Luxembourg,Communications,18.420260095824776
Elliptical,2002-01-09,USA,Science,23.71252566735113
GEO,2019-04-04,China,Communications,6.480492813141684
LEO,2003-01-15,USA,Science,22.69678302532512
MEO,1992-12-03,China,Science,32.813141683778234
LEO,2022-05-22,China,Earth Observation,3.34839151266256
MEO,2002-02-24,Russia,Earth Observation,23.586584531143053
Elliptical,2007-05-09,China,Navigation,18.38466803559206
GEO,2021-07-17,USA,Earth Observation,4.1943874058863795
LEO,2023-09-09,Luxembourg,Navigation,2.0479123887748116
Elliptical,2020-10-22,Luxembourg,Earth Observation,4.9281314168377826
MEO,2016-09-13,Russia,Communications,9.034907597535934
GEO,1994-08-02,ESA,Earth Observation,31.15126625598905
LEO,2013-03-25,USA,Earth Observation,12.506502395619439
GEO,1993-07-10,Luxembourg,Earth Observation,32.2135523613963
GEO,1991-12-24,Russia,Earth Observation,33.75770020533881
MEO,2002-01-21,ESA,Communications,23.679671457905545
LEO,2023-11-12,Russia,Science,1.8726899383983573
GEO,1996-01-02,Luxembourg,Navigation,29.73305954825462
LEO,2015-03-02,Luxembourg,Navigation,10.570841889117043
GEO,2024-01-04,Luxembourg,Science,1.727583846680356
LEO,2021-05-10,Luxembourg,Science,4.380561259411362
MEO,1994-06-08,Luxembourg,Communications,31.301848049281315
GEO,2020-12-21,ESA,Communications,4.763860369609857
MEO,2014-03-01,ESA,Communications,11.572895277207392
LEO,1997-08-11,ESA,Communications,28.125941136208077
Elliptical,2000-07-15,China,Earth Observation,25.19917864476386
MEO,2022-01-14,ESA,Science,3.698836413415469
LEO,2018-10-28,China,Science,6.913073237508556
LEO,2009-06-06,Luxembourg,Earth Observation,16.306639288158795
MEO,1993-11-26,Russia,Earth Observation,31.83299110198494
GEO,1991-04-11,China,Navigation,34.46132785763176
Elliptical,2020-09-06,ESA,Science,5.054072553045859
MEO,2006-12-17,Luxembourg,Science,18.77618069815195
MEO,1996-01-05,USA,Navigation,29.724845995893222
MEO,2017-05-18,USA,Communications,8.358658453114305
GEO,2015-07-01,China,Earth Observation,10.239561943874058
GEO,2012-12-09,USA,Navigation,12.796714579055442
MEO,2024-07-19,China,Science,1.1882272416153319
LEO,2013-09-23,China,Communications,12.008213552361397
LEO,2016-08-24,Luxembourg,Science,9.089664613278575
Elliptical,2002-04-20,Luxembourg,Earth Observation,23.43600273785079
MEO,2008-09-21,China,Navigation,17.013004791238878
LEO,2003-11-01,ESA,Navigation,21.90280629705681
MEO,2013-08-07,USA,Communications,12.136892539356605
Elliptical,2010-05-16,USA,Earth Observation,15.364818617385353
GEO,1995-03-05,Russia,Navigation,30.562628336755647
GEO,2022-01-05,Russia,Communications,3.7234770704996576
Elliptical,2001-08-12,ESA,Science,24.123203285420946
LEO,2012-05-13,ESA,Navigation,13.371663244353183
LEO,2024-10-14,Luxembourg,Communications,0.9500342231348392
GEO,1994-07-02,ESA,Science,31.236139630390145
MEO,2018-04-12,ESA,Earth Observation,7.457905544147844
MEO,2001-12-07,Luxembourg,Science,23.802874743326488
Elliptical,2004-05-26,ESA,Communications,21.336071184120467
MEO,1992-10-26,USA,Navigation,32.917180013689254
Elliptical,2011-02-06,ESA,Communications,14.636550308008214
LEO,2000-01-17,China,Science,25.691991786447637
Elliptical,2015-01-16,Russia,Earth Observation,10.694045174537989
MEO,2017-08-19,China,Navigation,8.10403832991102
Elliptical,2024-11-26,ESA,Science,0.8323066392881588
LEO,2016-03-12,ESA,Communications,9.541409993155373
Elliptical,2018-01-28,ESA,Science,7.660506502395619
MEO,2001-12-27,China,Science,23.748117727583846
Elliptical,2018-12-01,Luxembourg,Earth Observation,6.8199863107460645
MEO,2021-02-10,Russia,Navigation,4.6242299794661195
LEO,2017-02-06,ESA,Science,8.635181382614647
GEO,2011-02-06,Russia,Earth Observation,14.636550308008214
